# CosIng, Commission europeenne (CC BY 4.0). Annexes II et III du reglement (CE) 1223/2009.
# Genere le 2026-09-30 par tools/cosing/fetch_annexes.py
1,2,4-benzenetriacetate	II	1254	prohibited
1,3-bis-(2,4-diaminophenoxy)propane	III	202	restricted
1,3-bis-(2,4-diaminophenoxy)propane 1,3-bis-(2,4-diaminophenoxy)propane hcl	III	226	restricted
1,5-naphthalenediol	III	238	restricted
1-acetoxy-2-methylnaph-thalene	III	212	restricted
1-hexyl 4,5-diamino pyrazole sulfate	III	300	restricted
1-hydroxyethyl-4,5- diamino pyrazole sulfate	III	273	restricted
1-naphthol	III	16	restricted
2,2'-methylenebis 4-aminophenol hcl	III	284	restricted
2,3-diaminodihydropyrazolopyrazolone dimethosulfonate	III	279	restricted
2,4-diamino-5-methylphenoxyethanol	II	1314	prohibited
2,4-diaminophenoxyethanol hcl	III	242	restricted
2,5,6-triamino- 4-pyrimidinol sulfate	III	301	restricted
2,6-diamino-3- ((pyridine-3-yl)azo)pyridine	III	277	restricted
2,6-diaminopyridine	III	285	restricted
2,6-dihydroxy-3,4-dimethylpyridine	III	218	restricted
2,6-dihydroxyethylaminotoluene	III	9b	restricted
2,6-dimethoxy-3,5-pyridinediamine hcl	III	232	restricted
2,7-naphthalenediol	III	216	restricted
2-amino-3-hydroxypyridine	III	211	restricted
2-amino-3-nitrophenol	II	1317	prohibited
2-amino-4-hydroxyethylaminoanisole / 2-amino-4-hydroxyethylaminoanisole sulfate	III	245	restricted
2-amino-4-nitrophenol	II	383	prohibited
2-amino-5- ethylphenol hcl	III	269	restricted
2-amino-5-nitrophenol	II	384	prohibited
2-amino-6-chloro-4-nitrophenol	III	252	restricted
2-chloro-6-ethylamino-4-nitrophenol	III	201	restricted
2-hydroxyethyl picramic acid	III	222	restricted
2-hydroxyethylamino-5-nitroanisole	III	236	restricted
2-methoxymethyl-p-phenylenediamine /2-methoxymethyl-p-phenylenediamine sulfate	III	292	restricted
2-methyl-1-naphthol	III	213	restricted
2-methyl-5-hydroxyethyl aminophenol	III	229	restricted
2-methylresorcinol	III	243	restricted
2-naphthol	II	241	prohibited
2-nitro-5-glyceryl methylaniline	III	281	restricted
2-nitro-n-hydroxyethyl-p-anisidine	II	1287	prohibited
2-nitro-p-phenylenediamine	II	1319	prohibited
3,4-methylenedioxyaniline	II	1248	prohibited
3,4-methylenedioxyphenol	II	1247	prohibited
3-amino-2,4-dichlorophenol	III	227	restricted
3-amino-2,6- dimethylphenol	III	303	restricted
3-benzylidene camphor	II	1379	prohibited
3-methylamino-4-nitrophenoxyethanol	III	235	restricted
3-methylnon-2-enenitrile	III	172	restricted
3-nitro-4-aminophenoxyethanol	II	1250	prohibited
3-nitro-p-hydroxyethylaminophenol	III	248	restricted
3-propylidenephthalide	III	175	allergen
4,4'-diaminodiphenylamine	II	1309	prohibited
4,6-bis(2-hydroxyethoxy)-m-phenylenediamine	II	1307	prohibited
4- chlororesorcinol	III	199	restricted
4-amino-2-hydroxytoluene	III	241	restricted
4-amino-2-nitrophenol	II	412	prohibited
4-amino-3-nitrophenol	III	215	restricted
4-amino-m-cresol	III	244	restricted
4-ethoxy-m-phenylenediamine	II	406	prohibited
4-formyl-1-methylquinolinium-p-toluenesulfonate	III	274	restricted
4-hydroxypropylamino-3-nitrophenol	III	205	restricted
4-methylbenzylidene camphor	II	1730	prohibited
4-nitro-m-phenylenediamine	II	1282	prohibited
4-nitro-o-phenylenediamine	III	240	restricted
4-nitrophenyl aminoethylurea	III	249	restricted
4-tert.-butyldihydrocinnamaldehyde	III	155	restricted
5-amino-2,6-dimethoxy-3-hydroxypyridine	II	1308	prohibited
5-amino-4-chloro-o-cresol hcl	III	208	restricted
5-amino-6-chloro-o- cresol / 5-amino-6-chloro-o- cresol hcl	III	283	restricted
6-amino-o-cresol	II	1315	prohibited
6-hydroxy-indole	III	209	restricted
6-methoxy-2-methylamino-3-aminopyridine hcl	III	203	restricted
6-methylcoumarin	III	46	allergen
6-nitro-2,5-pyridinediamine	II	1321	prohibited
6-nitro-o-toluidine	II	1235	prohibited
abies alba cone extract	III	103	restricted
abies alba cone oil	III	103	restricted
abies alba leaf cera	III	103	restricted
abies alba leaf oil	III	103	restricted
abies alba needle extract	III	103	restricted
abies alba needle oil	III	103	restricted
acetaldehyde	II	1391	prohibited
acetyl cedrene	III	327	allergen
acetylated vetiveria zizanioides root extract	III	382	restricted
acetylated vetiveria zizanioides root oil	III	382	restricted
acid black 1	III	295	restricted
acid blue 62	III	195	restricted
acid blue 9	III	190	restricted
acid green 25	III	290	restricted
acid orange 7	III	318	restricted
acid red 18	III	192	restricted
acid red 33	III	254	restricted
acid red 52	III	193	restricted
acid red 92	III	270	restricted
acid violet 43	III	291	restricted
acid yellow 1	III	214	restricted
acid yellow 3	III	326	restricted
allyl 2-methylbutoxyacetate	III	148	restricted
allyl 3,5,5-trimethylhexanoate	III	145	restricted
allyl caproate	III	140	restricted
allyl cyclohexylacetate	III	137	restricted
allyl cyclohexyloxyacetate	III	146	restricted
allyl cyclohexylpropionate	III	138	restricted
allyl heptine carbonate	III	152	restricted
allyl isovalerate	III	141	restricted
allyl nonanoate	III	149	restricted
allyl octanoate	III	142	restricted
allyl phenethyl ether	III	151a	restricted
allyl phenoxyacetate	III	143	restricted
allyl phenylacetate	III	144	restricted
allyl trimethylhexanoate	III	151	restricted
alpha-arbutin	III	377	restricted
alpha-damascone/cis-rose ketone 1/trans-rose ketone 1	III	157	restricted
alpha-isomethyl ionone	III	90	allergen
alpha-terpinene	III	131	allergen
aluminium fluoride	III	34	restricted
ammonia	III	4	restricted
ammonium fluoride	III	33	restricted
ammonium monofluorophosphate	III	26	restricted
amyl cinnamal	III	67	allergen
amyl salicylate	III	328	allergen
amylcinnamyl alcohol	III	74	allergen
amylcyclopentenone	III	153	restricted
amylvinylcarbinyl acetate	III	174	restricted
anethole	III	329	allergen
anise alcohol	III	80	allergen
arachis hypogaea flour	III	306	restricted
arachis hypogaea fruit extract	III	306	restricted
arachis hypogaea oil	III	306	restricted
arachis hypogaea seedcoat extract	III	306	restricted
arachis hypogaea sprout extract	III	306	restricted
arbutin	III	378	restricted
basic blue 124	III	305	restricted
basic brown 17	III	304	restricted
basic orange 31	III	276	restricted
basic red 51	III	269	restricted
basic red 76	III	267	restricted
basic violet 2	III	278	restricted
basic yellow 57	III	262	restricted
basic yellow 87	III	275	restricted
behentrimonium chloride (1)	III	287	restricted
benzaldehyde	III	330	allergen
benzalkonium chloride / benzalkonium bromide / benzalkonium saccharinate	III	65	restricted
benzophenone	II	1703	prohibited
benzoyl peroxide	III	94	restricted
benzyl alcohol	III	45	allergen
benzyl benzoate	III	85	allergen
benzyl cinnamate	III	81	allergen
benzyl salicylate	III	75	allergen
beta- caryophyllene	III	332	allergen
bishydroxyethyl biscetyl malonamide	II	1243	prohibited
butoxydiglycol	III	187	restricted
butoxyethanol	III	188	restricted
butylated hydroxytoluene	III	325	restricted
cadmium and its compounds	II	68	prohibited
calcium hydroxide	III	15c	restricted
camphor	III	331	allergen
cananga odorata flower extract	III	347	restricted
cananga odorata flower oil	III	347	restricted
captan	II	370	prohibited
carvone	III	333	allergen
catalase	II	74	prohibited
cedrus atlantica bark extract	III	122	restricted
cedrus atlantica bark oil	III	122	restricted
cedrus atlantica bark water	III	122	restricted
cedrus atlantica leaf extract	III	122	restricted
cedrus atlantica wood extract	III	122	restricted
cedrus atlantica wood oil	III	122	restricted
cetrimonium chloride (1) / strartrimonium chloride (1)	III	286	restricted
cetylamine hydrofluoride	III	36	restricted
chloramine-t	III	5	restricted
chloroform	II	366	prohibited
chlorophene	II	1602	prohibited
chromium	II	97	prohibited
ci 19140 / acid yellow 23	III	189	restricted
cinnamal	III	76	allergen
cinnamomum cassia leaf oil	III	348	allergen
cinnamomum zeylanicum bark oil	III	349	allergen
cinnamyl alcohol	III	69	allergen
cis-rose ketone 2 (cis-beta-damascone)	III	157	restricted
citral	III	70	restricted
citronellol	III	86	allergen
citrus aurantium amara flower oil	III	350	restricted
citrus aurantium amara peel oil	III	351	restricted
citrus aurantium bergamia peel oil	III	352	allergen
citrus aurantium dulcis flower oil	III	350	restricted
citrus aurantium dulcis peel oil	III	351	restricted
citrus limon peel oil	III	353	allergen
citrus sinensis peel oil	III	351	restricted
climbazole	III	310	restricted
coumarin	III	77	allergen
curry red	III	191	restricted
cyclohexylamine	II	1503	prohibited
cymbopogon citratus leaf oil	III	354	restricted
cymbopogon flexuosus oil	III	354	restricted
cymbopogon schoenanthus oil	III	354	restricted
daidzein	III	374	restricted
di-hema trimethylhexyl dicarbamate	III	314	restricted
diaminopyrimidine oxide	III	93	restricted
dibutyl phthalate	II	675	prohibited
dichlorophen	III	11	restricted
diethylene glycol	III	186	restricted
dihydroxy-indole	III	207	restricted
dihydroxyacetone	III	322	restricted
dihydroxyindoline	III	204	restricted
dimethyl phenethyl acetate	III	334	allergen
dimethylol ethylene thiourea	III	44	restricted
dimethylpiperazinium aminopyrazolopyridine hcl	III	315	restricted
disperse black 9	III	263	restricted
disperse blue 377 is a mixture of three dyes:(1) 1,4-bis[(2-hydroxyethyl)amino]anthra-9,10-quinone/(2) 1-[(2-hydroxyethyl)amino]-4-[(3- hydroxypropyl)amino]anthra- 9,10-quinone/(3) 1,4-bis[(3- hydroxypropyl)amino]anthra- 9,10-quinone	III	271	restricted
disperse red 15	II	1241	prohibited
disperse red 17	III	294	restricted
disperse violet 1	III	265	restricted
ethoxydiglycol	III	297	restricted
ethyl lauroyl arginate hcl	III	197	restricted
etidronic acid	III	53	restricted
eucalyptus globulus leaf oil	III	355	restricted
eucalyptus globulus leaf/twig oil	III	355	restricted
eugenia caryophyllus bud oil	III	356	restricted
eugenia caryophyllus flower oil	III	356	restricted
eugenia caryophyllus leaf oil	III	356	restricted
eugenia caryophyllus stem oil	III	356	restricted
eugenol	III	71	allergen
evernia furfuracea extract	III	92	allergen
evernia prunastri extract	III	91	allergen
farnesol	III	82	allergen
formaldehyde	II	1577	prohibited
furfural	III	312	restricted
genistein	III	373	restricted
geranial	III	70	restricted
geraniol	III	78	allergen
geranyl acetate	III	369	allergen
glyoxal	III	194	restricted
hc blue 16	III	282	restricted
hc blue no 11	III	220	restricted
hc blue no 14	III	264	restricted
hc blue no 15	III	289	restricted
hc blue no 17	III	288	restricted
hc blue no 18	III	383	restricted
hc blue no 2	III	247	restricted
hc blue no. 11	III	196	restricted
hc blue no. 12	III	225	restricted
hc orange no 1	III	256	restricted
hc orange no. 2	III	208	restricted
hc orange no. 6	III	317	restricted
hc red no 1	III	258	restricted
hc red no 10 + hc red no 11	III	250	restricted
hc red no 10+ hc red no 11	III	250	restricted
hc red no 13	III	237	restricted
hc red no 17	III	298	restricted
hc red no 18	III	386	restricted
hc red no 3	III	266	restricted
hc red no 7	III	251	restricted
hc violet no 1	III	234	restricted
hc violet no 2	III	224	restricted
hc violet no. 2	III	200	restricted
hc yellow no 13	III	261	restricted
hc yellow no 16	III	385	restricted
hc yellow no 17	III	299	restricted
hc yellow no 2	III	255	restricted
hc yellow no 4	III	253	restricted
hc yellow no 7	III	260	restricted
hc yellow no 9	III	259	restricted
hc yellow no. 10	III	231	restricted
hc yellow no. 4	III	253	restricted
hema	III	313	restricted
hexadecanolactone	III	335	allergen
hexamethylindanopyran	III	336	allergen
hexane	II	999	prohibited
hexyl cinnamal	III	87	allergen
hexyl salicylate	III	380	restricted
hydrogen peroxide	III	12	restricted
hydrogenated peanut oil	III	306	restricted
hydrolyzed wheat protein	III	307	restricted
hydroquinone	III	14	restricted
hydroxyanthraquinone-aminopropyl methyl morpholinium methosulfate	III	293	restricted
hydroxyapatite (nano)	III	372	restricted
hydroxybenzomorpholine	III	230	restricted
hydroxycitronellal	III	72	allergen
hydroxyethoxy aminopyrazolopyridine hcl	III	302	restricted
hydroxyethyl-2,6-dinitro-p-anisidine	II	1320	prohibited
hydroxyethyl-2-nitro-p-toluidine	III	221	restricted
hydroxyethyl-3,4-methylenedioxyaniline hcl	III	246	restricted
hydroxyethyl-p-phenylene-diamine sulfate	III	206	restricted
hydroxypropyl bis(n-hydroxyethyl-p-phenylenediamine) hcl	III	239	restricted
hydroxypropyl-p-phenylenediamine and hydroxypropyl-p-phenylenediamine 2hcl	III	384	restricted
hydroxypyridinone	II	1249	prohibited
imidazole	II	1589	prohibited
indigofera tinctoria extract	III	320	restricted
indigofera tinctoria leaf	III	320	restricted
indigofera tinctoria leaf extract	III	320	restricted
indigofera tinctoria leaf powder	III	320	restricted
iodine	II	213	prohibited
isatin	III	210	restricted
isobergamate	III	170	restricted
isocyclogeraniol	III	176	restricted
isoeugenol	III	73	allergen
isoeugenyl acetate	III	370	allergen
jasminum grandiflorum flower extract	III	357	restricted
jasminum officinale flower extract	III	357	restricted
jasminum officinale oil	III	357	restricted
juniperus virginiana oil	III	358	restricted
juniperus virginiana wood oil	III	358	restricted
ketoconazole	II	1528	prohibited
kojic acid	III	375	restricted
laureth-9	III	257	restricted
laurus nobilis leaf oil	III	359	allergen
lavandula angustifolia flower/leaf/stem extract	III	360	restricted
lavandula angustifolia oil	III	360	restricted
lavandula hybrida extract	III	360	restricted
lavandula hybrida flower extract	III	360	restricted
lavandula hybrida oil	III	360	restricted
lavandula intermedia flower/leaf/stem extract	III	360	restricted
lavandula intermedia flower/leaf/stem oil	III	360	restricted
lavandula intermedia oil	III	360	restricted
limonene	III	88	allergen
linalool	III	84	allergen
linalyl acetate	III	337	allergen
lippia citriodora absolute	III	196	allergen
lithium hydroxide	III	15b	restricted
m-aminophenol	III	217	restricted
m-aminophenol hcl	III	217	restricted
m-aminophenol sulfate	III	217	restricted
m-phenylenediamine	II	1204	prohibited
magnesium fluoride	III	56	restricted
magnesium fluorosilicate	III	43	restricted
mentha piperita oil	III	361	allergen
mentha viridis leaf oil	III	362	allergen
menthol	III	338	allergen
methyl alcohol	III	52	restricted
methyl eugenol	III	102	restricted
methyl n-methylanthranilate	III	323	restricted
methyl octine carbonate	III	173	restricted
methyl salicylate	III	324	allergen
methylene glycol	II	1579	prohibited
methylheptadienone	III	178	restricted
methylimidazoliumpropyl p-phenylenediamine hcl	III	316	restricted
morpholine	II	344	prohibited
musk ketone	III	97	restricted
musk xylene	III	96	restricted
myroxylon balsamum pereirae balsam extract	III	154	restricted
myroxylon balsamum pereirae balsam oil	III	154	restricted
myroxylon pereirae oil	III	154	restricted
myroxylon pereirae resin	III	154	restricted
myroxylon pereirae resin extract	III	154	restricted
n,n'-bis(2-hydroxyethyl)-2-nitro-p-phenylenediamine	III	8c	restricted
n,n'-dimethyl-n-hydroxyethyl-3-nitro-p-phenylenediamine	II	1288	prohibited
n,n-bis(2-hydroxyethyl)- p-phenylenediamine sulfate	III	198	restricted
n,n-dimethyl-p-phenylenediamine	II	1312	prohibited
n-methyl-3-nitro-p-phenylenediamine	II	1284	prohibited
narcissus jonquilla extract, narcissus tazetta extract	III	363	restricted
narcissus poeticus extract	III	363	restricted
narcissus pseudonarcissus flower extract	III	363	restricted
neral	III	70	restricted
nicomethanol hydrofluoride	III	47	restricted
nitromethane	III	18	restricted
octadecenylammonium fluoride	III	39	restricted
opopanax chironium resin extract	III	184	restricted
opoponax oil	III	183	restricted
oxalic acid	III	3	restricted
oxyquinoline sulfate	III	51	restricted
p-aminophenol	III	272	restricted
p-hydroxyanisole	III	95	restricted
p-methylaminophenol	III	223	restricted
p-methylhydrocinnamic aldehyde	III	179	restricted
p-phenylenediamine	III	8b	restricted
p-phenylenediamine hcl	III	8b	restricted
p-phenylenediamine sulphate	III	8b	restricted
peanut acid	III	306	restricted
peanut glycerides	III	306	restricted
peanut oil peg-6 esters	III	306	restricted
peanutamide mea	III	306	restricted
peanutamide mipa	III	306	restricted
pelargonium graveolens flower oil	III	364	allergen
perillaldehyde	III	169	restricted
petrolatum	II	904	prohibited
phenol	II	1175	prohibited
phenol, 2-methoxy- 4-(2-propenyl)-, acetate	III	368	allergen
phenyl methyl pyrazolone	III	228	restricted
picramic acid and sodium picramate	III	280	restricted
pigment red 57	III	296	restricted
pinene	III	371	allergen
pinus mugo leaf oil	III	109	restricted
pinus mugo twig leaf extract	III	109	restricted
pinus mugo twig oil	III	109	restricted
pinus pumila needle extract	III	114	restricted
pinus pumila twig leaf extract	III	114	restricted
pinus pumila twig leaf oil	III	114	restricted
pogostemon cablin oil	III	365	allergen
potassium bromate	II	461	prohibited
potassium chlorate / sodium chlorate	III	6	restricted
potassium fluoride	III	32	restricted
potassium fluorosilicate	III	41	restricted
potassium hydroxide / sodium hydroxide	III	15a	restricted
potassium peanutate	III	306	restricted
pyrogallol	II	409	prohibited
quinine	III	21	restricted
resorcinol	III	22	restricted
retinol	III	376	restricted
retinyl acetate	III	376	restricted
retinyl palmitate	III	376	restricted
rosa alba flower extract	III	366	restricted
rosa alba flower oil	III	366	restricted
rosa canina flower oil	III	366	restricted
rosa centifolia flower extract	III	366	restricted
rosa centifolia flower oil	III	366	restricted
rosa damascena flower extract	III	366	restricted
rosa damascena flower oil	III	366	restricted
rosa gallica flower oil	III	366	restricted
rosa moschata flower oil	III	366	restricted
rosa rugosa flower oil	III	366	restricted
rose ketone 3 (delta-damascone)/trans-rose ketone 3	III	157	restricted
rose ketone 4 (damascone)	III	157	restricted
rose ketone-5	III	164	restricted
salicylaldehyde	III	340	allergen
salicylic acid	III	98	restricted
santalol	III	341	allergen
santalum album oil	III	367	allergen
scentenal	III	171	restricted
sclareol	III	342	allergen
selenium disulphide	III	49	restricted
silver	III	379	restricted
silver nitrate	III	48	restricted
sodium fluorosilicate	III	40	restricted
sodium nitrite	III	17	restricted
sodium peanutamphoacetate	III	306	restricted
sodium peanutate	III	306	restricted
strontium acetate	III	58	restricted
strontium chloride	III	57	restricted
strontium hydroxide	III	63	restricted
strontium nitrate	II	403	prohibited
strontium peroxide	III	64	restricted
styrene	II	1575	prohibited
sulfated peanut oil	III	306	restricted
talc	III	59	restricted
terpineol	III	343	allergen
terpinolene	III	133	allergen
tetraaminopyrimidine sulfate	III	200	restricted
tetrabromophenol blue	III	319	restricted
tetrahydro-6-nitroquinoxaline	II	1240	prohibited
tetrahydrofurfuryl alcohol	II	1576	prohibited
tetramethrin	II	1618	prohibited
tetramethyl acetyloctahydronaphthalenes	III	344	allergen
theophylline	II	1710	prohibited
thioglycolic acid	III	2a	restricted
titanium dioxide	III	321	restricted
toluene	III	185	restricted
toluene-3,4-diamine	II	1313	prohibited
trans-2-hexenal	III	166	restricted
trans-rose ketone 2 (trans-beta-damascone)	III	157	restricted
trans-rose ketone-5	III	159	restricted
triclocarban	III	100	restricted
trimethylbenzenepropanol	III	345	allergen
trimethylcyclopentenyl methylisopentenol	III	339	allergen
trimethylolpropane triacrylate	II	1718	prohibited
triphenyl phosphate	II	1767	prohibited
turpentine	III	124	allergen
vanillin	III	346	allergen
vinyl acetate	II	1565	prohibited
zinc acetate	III	24	restricted
zinc chloride	III	24	restricted
zinc citrate	III	24	restricted
zinc gluconate	III	24	restricted
zinc glutamate	III	24	restricted
zinc phenolsulfonate	III	25	restricted
zinc sulphate	III	24	restricted
